,ArrivalRate,ServiceTimeWarm,ServiceTimeCold,IdleMinutesBeforeKill,AverageInstanceCount,AverageUtilization,ColdStartProbability,ColdStartProbabilitySE,AverageRunningInstances,AverageIdleInstances
experiment_0,0.10037738637293372,1975.8880602605868,2244.1262576891027,10.0,2.8888006354249405,0.0724516812284882,0.005658487683960966,0.00041582067620341175,0.2017474185861795,2.687053216838761
experiment_5,0.19807612739820504,1986.1366562956214,2301.9977474212646,10.0,3.7188244638602064,0.1140058247286206,0.0037242831087297436,0.00027528938623029353,0.40667196187450355,3.312152501985703
experiment_1,0.30179128934985394,1991.6797596346114,2270.796701312065,10.0,4.421763304209691,0.14338855478648965,0.002939493732069899,0.00019991284900045951,0.6203335980937251,3.8014297061159654
experiment_6,0.397485817087294,1997.7783597571406,2180.5139324881816,10.0,5.0450045004500454,0.15958595859585958,0.002084642933169204,0.00013737229848656866,0.7884788478847885,4.256525652565257
experiment_2,0.4996728494874295,2006.7396194224252,2152.437480056987,10.0,5.694201747418586,0.17277033927153065,0.0019133093104785875,9.749280728261133e-05,0.9761715647339158,4.718030182684671
experiment_7,0.5956057891943456,2002.3978716234699,2208.7130634873,10.0,6.419380460683082,0.17916241158894056,0.001755948041692015,6.874518435302714e-05,1.13582208101668,5.2835583796664025
experiment_3,0.6972660899741501,2012.6834804681198,2183.5311407684,10.0,6.927720413026211,0.2046180344234355,0.0017512076961520968,0.00011379388168737739,1.4019062748212867,5.525814138204924
experiment_4,0.9024594401863006,2016.0483306969988,2163.4318779424293,10.0,7.869841269841269,0.22943720080624838,0.001513391210191625,6.64286246388612e-05,1.784920634920635,6.084920634920635
